helloiamivan,chicken,-1,1514363491.834073
helloiamivan,dotdotc,1,1515457670.4983833
