helloiamivan,1513842221
helloiamivan,1515460219.7240539
dotdotc,1515460475.8903165
